[
    {
        "id": 1,
        "appID": 1,
        "processName": "F4S v2"
    },
    {
        "id": 2,
        "appID": 1,
        "processName": "D3S"
    },
    {
        "id": 3,
        "appID": 1,
        "processName": "E8-4as"
    },
    {
        "id": 4,
        "appID": 3,
        "processName": "D4a v4"
    },
    {
        "id": 5,
        "appID": 4,
        "processName": "E8ds v5"
    },
    {
        "id": 6,
        "appID": 5,
        "processName": "D8s"
    },
    {
        "id": 7,
        "appID": 6,
        "processName": "D8ds v4"
    },
    {
        "id": 8,
        "appID": 7,
        "processName": "L8s"
    },
    {
        "id": 9,
        "appID": 7,
        "processName": "D16d v4"
    },
    {
        "id": 10,
        "appID": 8,
        "processName": "DS14 v2"
    },
    {
        "id": 11,
        "appID": 8,
        "processName": "F32s-v2"
    },
    {
        "id": 12,
        "appID": 9,
        "processName": "D32d-v4"
    },
    {
        "id": 13,
        "appID": 10,
        "processName": "L32s"
    },
    {
        "id": 14,
        "appID": 10,
        "processName": "D32a v4"
    },
    {
        "id": 15,
        "appID": 11,
        "processName": "E16-8as v4"
    },
    {
        "id": 16,
        "appID": 11,
        "processName": "B16MS"
    },
    {
        "id": 17,
        "appID": 12,
        "processName": "D8ds v4"
    },
    {
        "id": 18,
        "appID": 12,
        "processName": "L8s"
    },
    {
        "id": 19,
        "appID": 12,
        "processName": "D16d v4"
    },
    {
        "id": 20,
        "appID": 13,
        "processName": "DS14 v2"
    },
    {
        "id": 21,
        "appID": 13,
        "processName": "F32s-v2"
    },
    {
        "id": 22,
        "appID": 13,
        "processName": "D32d-v4"
    },
    {
        "id": 23,
        "appID": 14,
        "processName": "L32s"
    },
    {
        "id": 24,
        "appID": 14,
        "processName": "D4a v4"
    },
    {
        "id": 25,
        "appID": 14,
        "processName": "E8ds v5"
    }
]