   [
      {
         "id": 1,
         "appID": 1,
         "serviceName": "UI"
      },
      {
         "id": 2,
         "appID": 2,
         "serviceName": "Order"
      },
      {
         "id": 3,
         "appID": 3,
         "serviceName": "UI2"
      },
      {
         "id": 4,
         "appID": 3,
         "serviceName": "Order 2"
      },
      {
         "id": 5,
         "appID": 4,
         "serviceName": "Apache"
      },
      {
         "id": 6,
         "appID": 4,
         "serviceName": "App UI"
      },
      {
         "id": 7,
         "appID": 5,
         "serviceName": "portal"
      },
      {
         "id": 8,
         "appID": 5,
         "serviceName": "resgister"
      },
      {
         "id": 9,
         "appID": 6,
         "serviceName": "UI"
      },
      {
         "id": 10,
         "appID": 6,
         "serviceName": "Auth"
      },
      {
         "id": 11,
         "appID": 7,
         "serviceName": "BobJ"
      },
      {
         "id": 12,
         "appID": 7,
         "serviceName": "CS+PAS+WD"
      },
      {
         "id": 13,
         "appID": 8,
         "serviceName": "CS+PAS+WD"
      },
      {
         "id": 14,
         "appID": 8,
         "serviceName": "SAP GRC"
      },
      {
         "id": 15,
         "appID": 9,
         "serviceName": " Java CS+PAS+WD"
      },
      {
         "id": 16,
         "appID": 9,
         "serviceName": "SAP WD"
      },
      {
         "id": 17,
         "appID": 10,
         "serviceName": "SAP Solman"
      },
      {
         "id": 18,
         "appID": 10,
         "serviceName": "Netweaver"
      },
      {
         "id": 19,
         "appID": 11,
         "serviceName": "SAP PI "
      },
      {
         "id": 20,
         "appID": 11,
         "serviceName": "PI"
      },
      {
         "id": 21,
         "appID": 12,
         "serviceName": "JAVA CS+PAS+WD Cluster Node"
      },
      {
         "id": 22,
         "appID": 12,
         "serviceName": "CS+PAS+WD"
      },
      {
         "id": 23,
         "appID": 12,
         "serviceName": "Cluster Node"
      },
      {
         "id": 24,
         "appID": 12,
         "serviceName": "SOAP"
      },
      {
         "id": 25,
         "appID": 13,
         "serviceName": "Fiori"
      },
      {
         "id": 26,
         "appID": 13,
         "serviceName": "Hub Netweaver"
      },
      {
         "id": 27,
         "appID": 13,
         "serviceName": "ABAP CS+PAS+WD"
      },
      {
         "id": 28,
         "appID": 13,
         "serviceName": "SA Hub"
      },
      {
         "id": 29,
         "appID": 14,
         "serviceName": "Netweaver"
      },
      {
         "id": 30,
         "appID": 14,
         "serviceName": "WD Cluster Node"
      },
      {
         "id": 31,
         "appID": 14,
         "serviceName": "SAP weaver AB"
      },
      {
         "id": 32,
         "appID": 14,
         "serviceName": "NetPAS\n"
      }
   ]